country,year,suicide rate
Albania,1987,2.694124594
Albania,1988,2.279057989
Albania,1989,2.425885627
Albania,1992,1.665190434
Albania,1993,2.600363338
Albania,1994,1.754816973
Albania,1995,3.030929255
Albania,1996,3.027004966
Albania,1997,5.70987136
Albania,1998,5.111693829
Albania,1999,4.587912995
Albania,2000,1.93112327
Albania,2001,4.250988355
Albania,2002,4.718254572
Albania,2003,4.36016511
Albania,2004,5.078276767
Albania,2005,0
Albania,2006,0
Albania,2007,4.475978434
Albania,2008,5.803285312
Albania,2009,0
Albania,2010,3.508739869
Antigua and Barbuda,1985,0
Antigua and Barbuda,1986,0
Antigua and Barbuda,1987,0
Antigua and Barbuda,1988,0
Antigua and Barbuda,1989,0
Antigua and Barbuda,1990,1.685374322
Antigua and Barbuda,1991,0
Antigua and Barbuda,1992,0
Antigua and Barbuda,1993,1.579404564
Antigua and Barbuda,1994,0
Antigua and Barbuda,1995,0
Antigua and Barbuda,1998,0
Antigua and Barbuda,1999,0
Antigua and Barbuda,2000,2.65512572
Antigua and Barbuda,2001,2.614481614
Antigua and Barbuda,2002,0
Antigua and Barbuda,2003,1.271326502
Antigua and Barbuda,2004,2.508717794
Antigua and Barbuda,2005,0
Antigua and Barbuda,2006,0
Antigua and Barbuda,2007,1.202920691
Antigua and Barbuda,2008,0
Antigua and Barbuda,2009,0
Antigua and Barbuda,2012,0
Antigua and Barbuda,2013,0
Antigua and Barbuda,2014,0
Antigua and Barbuda,2015,1.088269543
Argentina,1985,7.338284584
Argentina,1986,8.383374198
Argentina,1987,8.282788756
Argentina,1988,8.315670482
Argentina,1989,7.828722737
Argentina,1990,7.356201725
Argentina,1991,6.58609864
Argentina,1992,7.268999581
Argentina,1993,7.316873103
Argentina,1994,7.249799425
Argentina,1995,7.031334741
Argentina,1996,7.013690699
Argentina,1997,6.754545656
Argentina,1998,7.164824139
Argentina,1999,7.303722921
Argentina,2000,8.25950864
Argentina,2001,9.208800014
Argentina,2002,9.189854993
Argentina,2003,9.45497842
Argentina,2004,8.875820839
Argentina,2005,8.601819766
Argentina,2006,8.652829601
Argentina,2007,8.112240363
Argentina,2008,8.327543889
Argentina,2009,7.761450892
Argentina,2010,7.831615425
Argentina,2011,7.65998525
Argentina,2012,8.449140932
Argentina,2013,7.686740244
Argentina,2014,8.226281557
Argentina,2015,7.740627468
Armenia,1990,3.116935349
Armenia,1991,2.476166894
Armenia,1992,2.508538097
Armenia,1993,3.1485772
Armenia,1994,3.291697281
Armenia,1995,3.775557621
Armenia,1996,2.495482316
Armenia,1997,2.183344203
Armenia,1998,1.854974705
Armenia,1999,1.871142514
Armenia,2000,1.691390545
Armenia,2001,1.661812328
Armenia,2002,2.454521693
Armenia,2003,1.95082209
Armenia,2006,2.821592854
Armenia,2007,2.595681006
Armenia,2008,2.068699881
Armenia,2009,1.970483642
Armenia,2010,2.727722819
Armenia,2011,2.509019363
Armenia,2012,2.80709235
Armenia,2013,2.383778353
Armenia,2014,2.069190151
Armenia,2015,2.64726768
Armenia,2016,2.791628282
Aruba,1995,10.87237194
Aruba,1999,10.9844509
Aruba,2000,11.92065611
Aruba,2001,4.648730316
Aruba,2002,10.19437271
Aruba,2003,2.21099528
Aruba,2004,8.664103536
Aruba,2005,10.66917037
Aruba,2006,9.523003344
Aruba,2007,8.43757251
Aruba,2008,4.218786255
Aruba,2009,4.219631837
Aruba,2010,7.367955708
Aruba,2011,9.425268097
Australia,1985,12.77939914
Australia,1986,13.80167187
Australia,1987,14.38208221
Australia,1988,14.18486034
Australia,1989,13.26859594
Australia,1990,13.9305371
Australia,1991,14.2891938
Australia,1992,13.89206036
Australia,1993,12.44960293
Australia,1994,13.79506206
Australia,1995,12.94262896
Australia,1996,14.25792384
Australia,1997,15.36469372
Australia,1998,15.10756968
Australia,1999,14.10294766
Australia,2000,13.3766653
Australia,2001,13.556979
Australia,2002,12.62380337
Australia,2003,11.58639639
Australia,2004,11.21214714
Australia,2006,11.07840676
Australia,2007,11.2949804
Australia,2008,11.63500844
Australia,2009,11.38372017
Australia,2010,11.60808032
Australia,2011,11.45489086
Australia,2012,12.14751662
Australia,2013,12.07397346
Australia,2014,13.18430523
Australia,2015,13.61013112
Austria,1985,29.40880703
Austria,1986,30.04572597
Austria,1987,29.0182084
Austria,1988,25.90836752
Austria,1989,26.44313625
Austria,1990,25.23732419
Austria,1991,24.23377967
Austria,1992,23.8496574
Austria,1993,22.92304006
Austria,1994,23.79882914
Austria,1995,23.91323828
Austria,1996,23.73992254
Austria,1997,21.1910967
Austria,1998,20.69418024
Austria,1999,20.56440633
Austria,2000,20.91655336
Austria,2001,19.50341604
Austria,2002,20.21303208
Austria,2003,18.85513828
Austria,2004,18.29384783
Austria,2005,17.87297311
Austria,2006,16.48183586
Austria,2007,16.27144158
Austria,2008,15.98686125
Austria,2009,16.08175471
Austria,2010,15.86261569
Austria,2011,16.10977461
Austria,2012,15.88788631
Austria,2013,15.97848412
Austria,2014,16.14019615
Austria,2015,15.22011498
Austria,2016,16.04621953
Azerbaijan,1990,1.851611227
Azerbaijan,1991,2.130162465
Azerbaijan,1992,2.260454603
Azerbaijan,1993,1.847080371
Azerbaijan,1994,0.720726247
Azerbaijan,1995,0.741761153
Azerbaijan,1996,1.034777523
Azerbaijan,1997,1.594349744
Azerbaijan,1998,0.794957697
Azerbaijan,1999,0.759878419
Azerbaijan,2000,0.836114763
Azerbaijan,2001,4.216546954
Azerbaijan,2002,1.209619101
Azerbaijan,2003,1.680913166
Azerbaijan,2004,1.395664394
Azerbaijan,2007,0.694348007
Bahamas,1985,0.490918017
Bahamas,1987,1.358080579
Bahamas,1993,2.874743326
Bahamas,1994,1.203369434
Bahamas,1995,0.785854617
Bahamas,1996,1.18841062
Bahamas,1997,0.7813843
Bahamas,1998,1.153291687
Bahamas,1999,2.265938042
Bahamas,2000,4.078031275
Bahamas,2001,0.362135149
Bahamas,2002,1.061740192
Bahamas,2003,0.346154911
Bahamas,2004,0.677421868
Bahamas,2005,1.325543556
Bahamas,2006,0.648300319
Bahamas,2007,1.587357019
Bahamas,2008,1.2443731
Bahamas,2009,1.830311794
Bahamas,2010,2.995186735
Bahamas,2011,1.182092481
Bahamas,2012,1.455358338
Bahamas,2013,1.432833084
Bahrain,1985,3.00628587
Bahrain,1987,2.473206925
Bahrain,1988,3.592507057
Bahrain,1997,0
Bahrain,1998,0
Bahrain,1999,3.00479707
Bahrain,2000,4.910310636
Bahrain,2001,3.685407229
Bahrain,2002,3.782091042
Bahrain,2003,4.837013969
Bahrain,2004,5.588383613
Bahrain,2005,5.124826122
Bahrain,2006,3.151226221
Bahrain,2007,4.146065902
Bahrain,2008,4.19876771
Bahrain,2009,3.293922165
Bahrain,2010,1.667895642
Bahrain,2011,1.631229712
Bahrain,2012,1.580990832
Bahrain,2013,0.411694766
Bahrain,2014,0.741371669
Barbados,1985,3.03030303
Barbados,1986,3.454231434
Barbados,1987,2.567394095
Barbados,1988,5.110732538
Barbados,1989,6.779661017
Barbados,1990,6.751054852
Barbados,1991,7.172995781
Barbados,1992,5.833333333
Barbados,1993,6.677796327
Barbados,1994,5.82605077
Barbados,1995,7.048092869
Barbados,2000,3.981953785
Barbados,2001,0.792374191
Barbados,2002,0
Barbados,2003,0
Barbados,2004,1.176816711
Barbados,2005,0.390794446
Barbados,2006,3.503540522
Barbados,2007,0
Barbados,2008,0.385484207
Barbados,2009,1.917780897
Barbados,2010,1.145357294
Barbados,2011,0
Barbados,2012,0
Barbados,2013,0
Belarus,1990,22.16010543
Belarus,1991,22.88892172
Belarus,1992,25.32677178
Belarus,1993,29.92397133
Belarus,1994,32.6603756
Belarus,1995,33.11073437
Belarus,1996,37.4504378
Belarus,1997,36.38014465
Belarus,1998,36.67945703
Belarus,1999,35.52158273
Belarus,2000,36.49612474
Belarus,2001,34.71876591
Belarus,2002,34.75465914
Belarus,2003,36.68520706
Belarus,2007,28.7631852
Belarus,2008,28.87327111
Belarus,2009,29.91286012
Belarus,2010,27.37943612
Belarus,2011,24.27542549
Belarus,2013,21.34622636
Belarus,2014,19.54647463
Belgium,1985,24.60731855
Belgium,1986,23.71030785
Belgium,1987,24.08704918
Belgium,1988,21.41791765
Belgium,1989,20.53651649
Belgium,1990,20.22476707
Belgium,1991,19.20907562
Belgium,1992,19.91917778
Belgium,1993,22.63576705
Belgium,1994,22.4377198
Belgium,1995,22.6196849
Belgium,1996,21.06189403
Belgium,1997,22.40967028
Belgium,1998,20.9853511
Belgium,1999,19.24695985
Belgium,2000,22.15210318
Belgium,2001,22.29647515
Belgium,2002,21.27360874
Belgium,2003,21.32776398
Belgium,2004,20.17664055
Belgium,2005,20.49285053
Belgium,2006,19.42244182
Belgium,2007,18.51396563
Belgium,2008,19.79041368
Belgium,2009,19.78696137
Belgium,2010,19.71370375
Belgium,2011,20.16392654
Belgium,2012,19.40122979
Belgium,2013,18.00278525
Belgium,2014,17.95091488
Belgium,2015,17.57282983
Belize,1986,2.04359673
Belize,1987,2.776447397
Belize,1989,0.653219064
Belize,1990,1.898734177
Belize,1991,1.233045623
Belize,1993,0.585480094
Belize,1994,4.68181233
Belize,1995,7.756232687
Belize,1996,4.421697268
Belize,1997,0.532907008
Belize,1998,6.150439756
Belize,1999,8.880162211
Belize,2000,8.5669819
Belize,2001,8.744517418
Belize,2002,6.24620766
Belize,2003,5.19728009
Belize,2004,8.410747253
Belize,2005,4.897559383
Belize,2006,4.350818349
Belize,2007,3.069049784
Belize,2008,4.097032631
Belize,2009,5.431063511
Belize,2010,5.285486758
Belize,2011,11.31446675
Belize,2012,6.021154322
Belize,2013,5.557589706
Belize,2014,7.67312488
Belize,2015,8.129191614
Bosnia and Herzegovina,2011,0.136116943
Bosnia and Herzegovina,2014,8.565558955
Brazil,1985,3.598944151
Brazil,1986,3.595832169
Brazil,1987,3.803864321
Brazil,1988,3.552867165
Brazil,1989,3.471252476
Brazil,1990,3.655597422
Brazil,1991,3.839684961
Brazil,1992,3.800535157
Brazil,1993,3.945121356
Brazil,1994,4.146609658
Brazil,1995,4.514323726
Brazil,1996,4.545543077
Brazil,1997,4.596064338
Brazil,1998,4.538292915
Brazil,1999,4.194760858
Brazil,2000,4.288087693
Brazil,2001,4.813371178
Brazil,2002,4.729007822
Brazil,2003,4.739508104
Brazil,2004,4.759124942
Brazil,2005,5.002816687
Brazil,2006,4.982230872
Brazil,2007,5.051536742
Brazil,2008,5.17491156
Brazil,2009,5.20466858
Brazil,2010,5.191331251
Brazil,2011,5.34802915
Brazil,2012,5.547137563
Brazil,2013,5.608164079
Brazil,2014,5.616382114
Brazil,2015,5.841839076
Bulgaria,1985,17.34882335
Bulgaria,1986,16.77888339
Bulgaria,1987,17.81407455
Bulgaria,1988,17.3067296
Bulgaria,1989,17.37433359
Bulgaria,1990,15.71538873
Bulgaria,1991,16.4138569
Bulgaria,1992,18.88951066
Bulgaria,1993,18.37270341
Bulgaria,1994,18.31029954
Bulgaria,1995,17.9486216
Bulgaria,1996,19.16290985
Bulgaria,1997,18.46506762
Bulgaria,1998,19.02652067
Bulgaria,1999,16.61454758
Bulgaria,2000,17.66487697
Bulgaria,2001,17.30786101
Bulgaria,2002,17.45663345
Bulgaria,2003,14.57327917
Bulgaria,2004,13.60176477
Bulgaria,2005,13.26300967
Bulgaria,2006,13.27714803
Bulgaria,2007,12.33508659
Bulgaria,2008,12.92051708
Bulgaria,2009,12.02246539
Bulgaria,2010,11.99261735
Bulgaria,2011,10.81268448
Bulgaria,2012,12.5293621
Bulgaria,2013,10.4181056
Bulgaria,2014,10.5173337
Cabo Verde,2011,9.288357044
Canada,1985,13.86388878
Canada,1986,15.6176194
Canada,1987,15.08943991
Canada,1988,14.57604877
Canada,1989,14.3259303
Canada,1990,13.67367756
Canada,1991,14.15101771
Canada,1992,14.01657191
Canada,1993,14.11409294
Canada,1994,13.75614769
Canada,1995,14.36718142
Canada,1996,14.2240477
Canada,1997,13.10659389
Canada,1998,13.03725546
Canada,1999,14.2042072
Canada,2000,12.43081138
Canada,2001,12.62385707
Canada,2002,12.31356171
Canada,2003,12.56724519
Canada,2004,11.93040568
Canada,2005,12.2331895
Canada,2006,11.36460641
Canada,2007,11.55792545
Canada,2008,11.72889964
Canada,2009,12.18009368
Canada,2010,12.23744926
Canada,2011,11.43017698
Canada,2012,11.91097556
Canada,2013,12.16875268
Chile,1985,6.39788673
Chile,1986,5.982601059
Chile,1987,6.182531894
Chile,1988,6.164868212
Chile,1989,6.30379967
Chile,1990,6.345546161
Chile,1991,6.62960155
Chile,1992,5.426804124
Chile,1993,6.013131379
Chile,1994,6.394392732
Chile,1995,7.210619801
Chile,1996,6.986619291
Chile,1997,6.821819327
Chile,1998,7.612260539
Chile,1999,7.574279232
Chile,2000,10.56400529
Chile,2001,11.49255389
Chile,2002,11.18410587
Chile,2003,11.38823712
Chile,2004,11.79390134
Chile,2005,11.29346119
Chile,2006,11.9098203
Chile,2007,12.12166134
Chile,2008,13.54466734
Chile,2009,13.78323577
Chile,2010,12.70326897
Chile,2011,12.73978785
Chile,2012,11.45239013
Chile,2013,10.70049188
Chile,2014,10.90397088
Chile,2015,11.09519807
Colombia,1985,3.99562517
Colombia,1986,3.744293665
Colombia,1987,3.395284845
Colombia,1988,3.183301517
Colombia,1989,2.837162347
Colombia,1990,2.889982895
Colombia,1991,3.30236111
Colombia,1992,3.667011082
Colombia,1993,3.587701953
Colombia,1994,3.880212213
Colombia,1995,3.475275785
Colombia,1996,3.587150063
Colombia,1997,3.6168972
Colombia,1998,5.865029047
Colombia,1999,6.014694378
Colombia,2000,6.504407357
Colombia,2001,6.539345005
Colombia,2002,6.347677252
Colombia,2003,5.964066356
Colombia,2004,5.812761322
Colombia,2005,5.365969593
Colombia,2006,5.482429079
Colombia,2007,5.415242321
Colombia,2008,5.43330231
Colombia,2009,5.427624795
Colombia,2010,5.017968591
Colombia,2011,4.805080973
Colombia,2012,4.92151313
Colombia,2013,4.748968558
Colombia,2014,4.829425421
Colombia,2015,5.241577025
Costa Rica,1985,5.723996065
Costa Rica,1986,5.713288848
Costa Rica,1987,4.956887574
Costa Rica,1988,5.597923089
Costa Rica,1989,6.533646322
Costa Rica,1990,5.974579496
Costa Rica,1991,4.622781065
Costa Rica,1992,5.362798733
Costa Rica,1993,5.746925045
Costa Rica,1994,5.530709092
Costa Rica,1995,6.666241388
Costa Rica,1996,6.546704314
Costa Rica,1997,5.701986151
Costa Rica,1998,6.625613612
Costa Rica,1999,6.753773925
Costa Rica,2000,6.767813863
Costa Rica,2001,5.489554598
Costa Rica,2002,7.472070758
Costa Rica,2003,8.39581105
Costa Rica,2004,8.505945132
Costa Rica,2005,6.997511767
Costa Rica,2006,8.851983704
Costa Rica,2007,6.724378437
Costa Rica,2008,6.408743786
Costa Rica,2009,6.733747386
Costa Rica,2010,7.431900729
Costa Rica,2011,7.460723775
Costa Rica,2012,7.039282459
Costa Rica,2013,7.153982456
Costa Rica,2014,6.085827425
Croatia,1995,20.65637924
Croatia,1996,23.71588324
Croatia,1997,22.02509837
Croatia,1998,24.33832399
Croatia,1999,23.08697885
Croatia,2000,22.486644
Croatia,2001,21.07336377
Croatia,2002,20.72416001
Croatia,2003,20.47046573
Croatia,2004,20.59296387
Croatia,2005,20.6332812
Croatia,2006,18.79598937
Croatia,2007,18.31781047
Croatia,2008,18.76664119
Croatia,2009,18.73791819
Croatia,2010,18.45877331
Croatia,2011,16.75806016
Croatia,2012,19.14019105
Croatia,2013,17.10983699
Croatia,2014,17.91362358
Croatia,2015,18.46729452
Croatia,2016,19.14751238
Cuba,1992,23.1856872
Cuba,1993,23.73003339
Cuba,1994,22.57837511
Cuba,1995,21.85201212
Cuba,1996,19.66489611
Cuba,1997,19.77488019
Cuba,1998,19.94571583
Cuba,1999,19.80668865
Cuba,2000,17.7451468
Cuba,2001,15.83372215
Cuba,2002,15.32528295
Cuba,2003,14.23406578
Cuba,2004,14.32122904
Cuba,2005,13.15887881
Cuba,2006,12.91577581
Cuba,2007,12.24009351
Cuba,2008,12.87660324
Cuba,2009,13.79312921
Cuba,2010,14.52565802
Cuba,2011,14.22585749
Cuba,2012,13.88046183
Cuba,2013,13.88903045
Cuba,2014,13.43701816
Cuba,2015,13.94932159
Cyprus,1999,0.116722479
Cyprus,2000,0.799790683
Cyprus,2004,1.013587869
Cyprus,2005,2.424197484
Cyprus,2006,2.663205434
Cyprus,2007,2.607862568
Cyprus,2008,5.488371346
Cyprus,2009,4.171152828
Cyprus,2010,4.82796561
Cyprus,2011,3.746160186
Cyprus,2012,4.420947925
Cyprus,2013,5.534946422
Cyprus,2014,5.467074544
Cyprus,2015,5.024892059
Cyprus,2016,5.060842574
Czech Republic,1990,20.56452028
Czech Republic,1991,19.69485389
Czech Republic,1992,20.56414547
Czech Republic,1993,19.75596183
Czech Republic,1994,19.25193085
Czech Republic,1995,17.78475622
Czech Republic,1996,16.05915669
Czech Republic,1997,17.02310278
Czech Republic,1998,16.44525555
Czech Republic,1999,16.39642273
Czech Republic,2000,16.79270189
Czech Republic,2001,16.49711636
Czech Republic,2002,15.72935986
Czech Republic,2003,17.63339163
Czech Republic,2004,16.24148284
Czech Republic,2005,16.0319894
Czech Republic,2006,14.31446152
Czech Republic,2007,14.04520846
Czech Republic,2008,13.92986419
Czech Republic,2009,14.73221334
Czech Republic,2010,15.10265229
Czech Republic,2011,16.05036301
Czech Republic,2012,16.70844281
Czech Republic,2013,15.87033224
Czech Republic,2014,14.94510709
Czech Republic,2015,13.88482205
Czech Republic,2016,14.75933438
Denmark,1994,20.49272806
Denmark,1995,18.8991839
Denmark,1996,18.1400362
Denmark,1997,16.54750572
Denmark,1998,15.39423775
Denmark,1999,15.31288935
Denmark,2000,14.56404881
Denmark,2001,14.48654176
Denmark,2002,13.64748468
Denmark,2003,12.5178399
Denmark,2004,13.02995292
Denmark,2005,12.39721705
Denmark,2006,12.7190116
Denmark,2007,11.31891461
Denmark,2008,11.68033085
Denmark,2009,11.97814662
Denmark,2010,10.79001914
Denmark,2011,11.23156279
Denmark,2012,12.5414118
Denmark,2013,11.51008982
Denmark,2014,11.78086615
Denmark,2015,10.47731216
Dominica,1985,0
Ecuador,1985,5.129342974
Ecuador,1986,4.783474807
Ecuador,1987,4.666858128
Ecuador,1988,5.42289252
Ecuador,1989,5.024118684
Ecuador,1990,5.090369396
Ecuador,1991,5.433527283
Ecuador,1992,5.457597976
Ecuador,1993,6.049439094
Ecuador,1994,5.264643446
Ecuador,1995,5.481617856
Ecuador,1996,5.816092982
Ecuador,1997,5.552479902
Ecuador,1998,5.123659426
Ecuador,1999,5.660056805
Ecuador,2000,4.806747593
Ecuador,2001,5.155217963
Ecuador,2002,4.996203059
Ecuador,2003,5.734431105
Ecuador,2004,6.594880022
Ecuador,2005,7.718346329
Ecuador,2006,7.229279159
Ecuador,2007,7.927521784
Ecuador,2008,7.19202386
Ecuador,2009,7.34187494
Ecuador,2010,6.826201687
Ecuador,2011,6.758172917
Ecuador,2012,7.064344379
Ecuador,2013,4.809808708
Ecuador,2014,5.134610387
Ecuador,2015,7.382676676
El Salvador,1990,12.65920446
El Salvador,1991,10.35616241
El Salvador,1992,9.125359352
El Salvador,1993,9.032230578
El Salvador,1995,12.81946044
El Salvador,1996,11.0375479
El Salvador,1997,11.65820958
El Salvador,1998,10.22703621
El Salvador,1999,10.17231909
El Salvador,2000,9.007092157
El Salvador,2001,9.932186739
El Salvador,2002,8.335790097
El Salvador,2003,9.974369467
El Salvador,2004,8.700266446
El Salvador,2005,8.459011627
El Salvador,2006,7.570393609
El Salvador,2007,9.162632335
El Salvador,2008,8.910246001
El Salvador,2009,9.151894316
El Salvador,2010,7.175674356
El Salvador,2011,8.682754528
El Salvador,2012,9.112228664
El Salvador,2013,8.555393522
El Salvador,2014,6.776293996
Estonia,1995,43.7842894
Estonia,1996,40.6049164
Estonia,1997,39.21173888
Estonia,1998,36.08936544
Estonia,1999,35.63819013
Estonia,2000,28.25716267
Estonia,2001,30.25022442
Estonia,2002,28.17671586
Estonia,2003,26.1635913
Estonia,2004,24.89114939
Estonia,2005,21.18750946
Estonia,2006,19.31324599
Estonia,2007,19.75732339
Estonia,2008,19.14549389
Estonia,2009,21.36599392
Estonia,2010,17.77990392
Estonia,2011,17.44799816
Estonia,2012,18.93529323
Estonia,2013,17.53685958
Estonia,2014,19.40649933
Estonia,2015,15.68217459
Fiji,2001,5.003759769
Fiji,2002,5.80762652
Fiji,2003,1.378186885
Fiji,2004,3.294856729
Fiji,2005,3.00297431
Fiji,2006,3.253094845
Fiji,2007,1.744837629
Fiji,2008,4.909388609
Fiji,2009,3.410269897
Fiji,2011,4.89485718
Fiji,2012,4.087163879
Finland,1987,29.5398886
Finland,1988,30.25725138
Finland,1989,30.35902284
Finland,1990,32.34155419
Finland,1991,31.77609875
Finland,1992,30.73566481
Finland,1993,29.46635731
Finland,1994,29.12886425
Finland,1995,29.02976178
Finland,1996,25.967265
Finland,1997,27.40918892
Finland,1998,25.34742799
Finland,1999,24.81366622
Finland,2000,23.8640507
Finland,2001,24.57652946
Finland,2002,22.27595576
Finland,2003,21.80591076
Finland,2004,21.5177061
Finland,2005,20.03311712
Finland,2006,21.32641463
Finland,2007,19.90456611
Finland,2008,20.57729573
Finland,2009,20.50644981
Finland,2010,18.84074515
Finland,2011,17.93162976
Finland,2012,17.08264439
Finland,2013,17.27215602
Finland,2014,15.29086362
Finland,2015,14.10707521
France,1985,24.32924764
France,1986,24.2633275
France,1987,23.43123805
France,1988,22.23836986
France,1989,22.34923566
France,1990,21.53423136
France,1991,21.58666289
France,1992,21.71484625
France,1993,22.70999937
France,1994,22.19657825
France,1995,21.67490395
France,1996,20.5852722
France,1997,20.23598659
France,1998,19.05547506
France,1999,18.65437329
France,2000,19.62993741
France,2001,18.82320405
France,2002,19.0272667
France,2003,19.28836491
France,2004,19.01646572
France,2005,18.7419021
France,2006,18.02524804
France,2007,17.41021212
France,2008,17.70259023
France,2009,17.86433576
France,2010,17.57476
France,2011,17.53823003
France,2012,16.33677411
France,2013,16.0240176
France,2014,14.73390201
Georgia,1990,3.930691481
Georgia,1991,3.467136922
Georgia,1992,4.089241686
Georgia,1994,2.721901348
Georgia,1995,3.128648673
Georgia,1996,3.75839549
Georgia,1997,4.150356082
Georgia,1998,3.516065807
Georgia,1999,4.513163393
Georgia,2000,3.120798925
Georgia,2001,2.414904792
Georgia,2004,4.278885534
Georgia,2005,2.105517909
Georgia,2006,1.728069123
Georgia,2007,2.503068666
Georgia,2009,4.520589119
Georgia,2010,2.670608994
Georgia,2011,2.355684576
Georgia,2012,2.475659978
Georgia,2013,3.744693031
Georgia,2014,5.58981156
Georgia,2015,5.551700208
Germany,1990,18.5755375
Germany,1991,18.55729914
Germany,1992,17.6772619
Germany,1993,16.5248576
Germany,1994,16.48190723
Germany,1995,16.61949128
Germany,1996,15.69672263
Germany,1997,15.6991542
Germany,1998,14.92741872
Germany,1999,14.28183852
Germany,2000,14.15223366
Germany,2001,14.23971488
Germany,2002,14.21272293
Germany,2003,14.16391729
Germany,2004,13.6286674
Germany,2005,13.02452336
Germany,2006,12.40025973
Germany,2007,11.9439044
Germany,2008,12.02474527
Germany,2009,12.21054264
Germany,2010,12.80168403
Germany,2011,12.95502401
Germany,2012,12.60506637
Germany,2013,13.05923512
Germany,2014,13.17432353
Germany,2015,12.9107093
Greece,1985,4.366388512
Greece,1986,4.210413542
Greece,1987,4.367556512
Greece,1988,4.264550265
Greece,1989,4.019942272
Greece,1990,3.62899033
Greece,1991,3.919291804
Greece,1992,3.569193286
Greece,1993,4.148874089
Greece,1994,3.54329184
Greece,1995,3.66277449
Greece,1996,3.49757562
Greece,1997,3.649205576
Greece,1998,3.908587545
Greece,1999,3.676767548
Greece,2000,3.671996862
Greece,2001,3.198765238
Greece,2002,3.081459772
Greece,2003,3.566108278
Greece,2004,3.346831271
Greece,2005,3.779712319
Greece,2006,3.710368625
Greece,2007,3.078774096
Greece,2008,3.490312231
Greece,2009,3.647518037
Greece,2010,3.511751419
Greece,2011,4.446008677
Greece,2012,4.819824889
Greece,2013,5.109627391
Greece,2014,5.442873097
Greece,2015,5.120369333
Grenada,1985,1.171303075
Grenada,1988,4.581901489
Grenada,1989,4.88967667
Grenada,1990,2.43902439
Grenada,1991,0
Grenada,1992,0
Grenada,1993,3.516833912
Grenada,1994,4.595799439
Grenada,1995,1.130799588
Grenada,1996,1.113933075
Grenada,2001,0
Grenada,2002,0
Grenada,2003,4.321194378
Grenada,2004,1.072938349
Grenada,2005,6.404440412
Grenada,2006,1.062405711
Grenada,2007,3.177360249
Grenada,2008,0
Grenada,2009,0
Grenada,2010,0
Grenada,2011,1.051502597
Grenada,2012,2.095864859
Grenada,2013,0
Grenada,2014,0
Grenada,2015,0
Grenada,2016,0
Guatemala,1986,2.931751709
Guatemala,1987,3.390192917
Guatemala,1988,2.383536829
Guatemala,1989,2.028530751
Guatemala,1990,2.056222859
Guatemala,1991,1.979528377
Guatemala,1992,2.14382939
Guatemala,1993,1.998798783
Guatemala,1994,1.681684584
Guatemala,1995,2.441702332
Guatemala,1996,1.7775612
Guatemala,1997,1.979167876
Guatemala,1998,2.167459659
Guatemala,1999,2.45987823
Guatemala,2000,1.865598014
Guatemala,2001,2.016955003
Guatemala,2002,2.510419701
Guatemala,2003,2.399701033
Guatemala,2004,2.311004226
Guatemala,2005,2.14319689
Guatemala,2006,2.614692431
Guatemala,2007,2.792867375
Guatemala,2008,4.088794998
Guatemala,2009,4.134322604
Guatemala,2010,2.775554399
Guatemala,2011,2.757859477
Guatemala,2012,3.149505921
Guatemala,2013,3.335317909
Guatemala,2014,3.670990357
Guatemala,2015,3.464625091
Guyana,1988,8.551002147
Guyana,1989,14.37080342
Guyana,1990,13.62051709
Guyana,1991,16.03983991
Guyana,1992,11.87733454
Guyana,1993,10.92844751
Guyana,1994,13.0188228
Guyana,1995,14.9618699
Guyana,1996,9.10404098
Guyana,1997,6.082873063
Guyana,1998,5.3265235
Guyana,1999,24.80619211
Guyana,2001,29.82923144
Guyana,2002,26.5524509
Guyana,2003,29.78765016
Guyana,2004,27.91501828
Guyana,2005,25.31042715
Guyana,2006,30.07145336
Guyana,2007,27.66197958
Guyana,2008,25.10261441
Guyana,2009,23.27819684
Guyana,2010,30.51389871
Guyana,2011,28.43252385
Guyana,2012,30.32283516
Guyana,2013,30.70772533
Hungary,1991,40.92125185
Hungary,1992,41.00479797
Hungary,1993,37.89533379
Hungary,1994,37.21453755
Hungary,1995,34.5682887
Hungary,1996,35.2871704
Hungary,1997,32.94385035
Hungary,1998,33.33548036
Hungary,1999,34.81605483
Hungary,2000,34.31288269
Hungary,2001,30.6864849
Hungary,2002,29.32801552
Hungary,2003,29.00792984
Hungary,2004,28.47339015
Hungary,2005,27.25585946
Hungary,2006,25.65917813
Hungary,2007,25.59297887
Hungary,2008,25.91914566
Hungary,2009,25.80175005
Hungary,2010,26.16143254
Hungary,2011,25.48706895
Hungary,2012,24.84877842
Hungary,2013,22.17548739
Hungary,2014,20.45090148
Hungary,2015,19.89452282
Hungary,2016,20.98834736
Iceland,1985,14.53884598
Iceland,1986,16.64417454
Iceland,1987,15.95744681
Iceland,1988,15.27050611
Iceland,1989,9.482758621
Iceland,1990,17.14530647
Iceland,1991,15.68461212
Iceland,1992,11.76470588
Iceland,1993,10.81081081
Iceland,1994,10.30078286
Iceland,1995,11.03391908
Iceland,1996,13.38742394
Iceland,1997,13.2567921
Iceland,1998,11.89282189
Iceland,1999,12.1178954
Iceland,2000,19.25127925
Iceland,2001,13.64991014
Iceland,2002,11.25893678
Iceland,2003,9.689561361
Iceland,2004,12.88716733
Iceland,2005,12.00309898
Iceland,2006,11.30746045
Iceland,2007,12.77130392
Iceland,2008,12.80168174
Iceland,2009,12.1537859
Iceland,2010,15.61333243
Iceland,2011,9.13782892
Iceland,2012,12.44793734
Iceland,2013,16.30854435
Iceland,2014,14.45124675
Iceland,2015,12.96369517
Iceland,2016,14.88244727
Ireland,1985,8.602954928
Ireland,1986,8.766748531
Ireland,1987,7.585843886
Ireland,1988,8.226380084
Ireland,1989,8.624968975
Ireland,1990,10.35980149
Ireland,1991,10.60852987
Ireland,1992,11.02515685
Ireland,1993,9.859367912
Ireland,1994,11.84606133
Ireland,1995,12.04459189
Ireland,1996,12.08602405
Ireland,1997,13.64853842
Ireland,1998,14.43723066
Ireland,1999,12.17736096
Ireland,2000,13.14080586
Ireland,2001,13.65426833
Ireland,2002,12.33661201
Ireland,2003,12.28993749
Ireland,2004,12.36450013
Ireland,2005,11.76514475
Ireland,2006,11.47913768
Ireland,2007,11.37405826
Ireland,2008,12.35897095
Ireland,2009,12.79850945
Ireland,2010,11.39545828
Ireland,2011,13.1315437
Ireland,2012,12.8411493
Ireland,2013,11.52014322
Ireland,2014,11.22909361
Israel,1985,6.234181431
Israel,1986,7.289891176
Israel,1987,6.987958021
Israel,1988,7.676133053
Israel,1989,8.778692398
Israel,1990,7.314549698
Israel,1991,8.116295894
Israel,1992,8.302643335
Israel,1993,7.865168539
Israel,1994,8.586348531
Israel,1995,7.232255861
Israel,1996,5.995650215
Israel,1997,7.241807586
Israel,1998,5.932614455
Israel,1999,6.694503431
Israel,2000,6.981741682
Israel,2001,6.888832078
Israel,2002,6.479509484
Israel,2003,6.946379778
Israel,2004,6.726753543
Israel,2005,6.831851732
Israel,2006,5.793683307
Israel,2007,5.055193094
Israel,2008,5.391737117
Israel,2009,6.001335446
Israel,2010,7.007478293
Israel,2011,5.866747376
Israel,2012,6.060298561
Israel,2013,5.148070691
Israel,2014,5.185812269
Israel,2015,4.550183737
Italy,1985,8.794283254
Italy,1986,8.644216151
Italy,1987,8.297794543
Italy,1988,8.026793845
Italy,1989,7.938249124
Italy,1990,8.028202664
Italy,1991,8.175817719
Italy,1992,8.38889956
Italy,1993,8.6755719
Italy,1994,8.377806725
Italy,1995,8.439048937
Italy,1996,8.659226688
Italy,1997,8.663477373
Italy,1998,8.30221355
Italy,1999,7.580987561
Italy,2000,7.565524384
Italy,2001,7.417108202
Italy,2002,7.462379721
Italy,2003,7.417510458
Italy,2004,7.248833731
Italy,2005,6.77350167
Italy,2006,6.585894879
Italy,2007,6.639735649
Italy,2008,6.847942438
Italy,2009,6.929159889
Italy,2010,6.92080028
Italy,2011,7.33614038
Italy,2012,7.495366897
Italy,2013,7.460437379
Italy,2014,7.137610585
Italy,2015,6.861937423
Jamaica,1985,0.393120393
Jamaica,1986,0.048720336
Jamaica,1987,0.627788831
Jamaica,1988,0.239165447
Jamaica,1989,0
Jamaica,1990,0.140776268
Jamaica,1991,0.046407266
Jamaica,2000,0.126697696
Jamaica,2001,0.209093213
Jamaica,2002,0.082791155
Jamaica,2003,0.081952905
Jamaica,2004,0.040577697
Jamaica,2005,2.05052411
Jamaica,2006,0
Jamaica,2009,1.401387296
Jamaica,2010,0.115980039
Jamaica,2011,1.922310217
Japan,1985,20.61622634
Japan,1986,22.41750895
Japan,1987,20.68154804
Japan,1988,19.70095829
Japan,1989,18.15127067
Japan,1990,17.2058143
Japan,1991,16.93464153
Japan,1992,17.69314046
Japan,1993,17.28712787
Japan,1994,17.57013145
Japan,1995,17.95444848
Japan,1996,18.49307573
Japan,1997,19.55316647
Japan,1998,26.36042166
Japan,1999,26.02894429
Japan,2000,25.04245
Japan,2001,24.26332184
Japan,2002,24.72356039
Japan,2003,26.48033556
Japan,2004,24.92448133
Japan,2005,25.16959015
Japan,2006,24.66322016
Japan,2007,25.40512328
Japan,2008,24.93573904
Japan,2009,25.33113132
Japan,2010,24.2810729
Japan,2011,23.7879051
Japan,2012,21.81471818
Japan,2013,21.56678892
Japan,2014,20.25125962
Japan,2015,19.18317649
Kazakhstan,1990,21.47029559
Kazakhstan,1991,20.61152426
Kazakhstan,1992,22.15166897
Kazakhstan,1993,26.21417483
Kazakhstan,1994,26.42223039
Kazakhstan,1995,31.3951006
Kazakhstan,1996,32.94518799
Kazakhstan,1997,32.24820419
Kazakhstan,1998,31.1538406
Kazakhstan,1999,28.97614242
Kazakhstan,2000,32.15120768
Kazakhstan,2001,31.78027018
Kazakhstan,2002,30.77486762
Kazakhstan,2003,31.2847007
Kazakhstan,2004,31.67228512
Kazakhstan,2005,27.98296789
Kazakhstan,2006,29.0361453
Kazakhstan,2007,29.31555644
Kazakhstan,2008,28.11610227
Kazakhstan,2009,26.70724015
Kazakhstan,2010,24.52904939
Kazakhstan,2011,22.89719154
Kazakhstan,2012,21.56614259
Kazakhstan,2013,23.08190488
Kazakhstan,2014,20.2153836
Kazakhstan,2015,18.35524715
Kiribati,1991,16.16684181
Kiribati,1992,6.363752068
Kiribati,1993,18.79463726
Kiribati,1994,15.41520864
Kiribati,1995,3.033842513
Kiribati,1996,8.938414325
Kiribati,1997,7.317644304
Kiribati,1998,5.749604715
Kiribati,1999,0
Kiribati,2000,0
Kiribati,2001,0
Kuwait,1985,1.158038147
Kuwait,1986,1.042141601
Kuwait,1987,0.996077943
Kuwait,1993,1.413316583
Kuwait,1994,2.071823204
Kuwait,1995,1.720600887
Kuwait,1996,1.912411551
Kuwait,1997,2.040185471
Kuwait,1998,1.917003603
Kuwait,1999,2.422710275
Kuwait,2000,1.723130441
Kuwait,2001,1.471648688
Kuwait,2002,2.08468162
Kuwait,2003,2.255690749
Kuwait,2004,2.254411884
Kuwait,2005,2.520640165
Kuwait,2006,2.077837645
Kuwait,2007,1.658580814
Kuwait,2008,1.394909589
Kuwait,2009,1.926932002
Kuwait,2010,1.188439591
Kuwait,2011,1.229865453
Kuwait,2012,1.601510911
Kuwait,2013,1.147145147
Kuwait,2014,1.830277309
Kyrgyzstan,1990,14.63623471
Kyrgyzstan,1991,14.30264718
Kyrgyzstan,1992,12.78878962
Kyrgyzstan,1993,14.65687806
Kyrgyzstan,1994,15.08659863
Kyrgyzstan,1995,15.49137092
Kyrgyzstan,1996,12.06393888
Kyrgyzstan,1997,12.21704968
Kyrgyzstan,1998,12.29557697
Kyrgyzstan,1999,12.93594844
Kyrgyzstan,2000,11.67261207
Kyrgyzstan,2001,12.65312541
Kyrgyzstan,2002,12.67559443
Kyrgyzstan,2003,10.59536905
Kyrgyzstan,2004,9.579470015
Kyrgyzstan,2005,10.18521267
Kyrgyzstan,2006,9.964543014
Kyrgyzstan,2007,10.32420576
Kyrgyzstan,2008,10.08330129
Kyrgyzstan,2009,9.541400303
Kyrgyzstan,2010,10.33579766
Kyrgyzstan,2011,9.670389596
Kyrgyzstan,2012,10.62371765
Kyrgyzstan,2013,8.898288177
Kyrgyzstan,2014,9.04554757
Kyrgyzstan,2015,8.025671371
Latvia,1995,43.12123637
Latvia,1996,39.01159347
Latvia,1997,37.62687391
Latvia,1998,35.7919884
Latvia,1999,32.69906574
Latvia,2000,33.88924905
Latvia,2001,31.57575036
Latvia,2002,30.2553552
Latvia,2003,27.57725169
Latvia,2004,26.02292513
Latvia,2005,26.38187958
Latvia,2006,23.02366426
Latvia,2007,21.63449829
Latvia,2008,25.48936436
Latvia,2009,25.41476302
Latvia,2010,22.03323497
Latvia,2011,22.52239571
Latvia,2012,22.98706563
Latvia,2013,20.02652076
Latvia,2014,20.168518
Latvia,2015,20.63425542
Lithuania,1995,50.01256219
Lithuania,1996,51.01975816
Lithuania,1997,48.50973747
Lithuania,1998,46.34474823
Lithuania,1999,46.49834466
Lithuania,2000,49.19874816
Lithuania,2001,46.53721247
Lithuania,2002,47.36618366
Lithuania,2003,44.71245283
Lithuania,2004,42.81766284
Lithuania,2005,41.54686638
Lithuania,2006,33.55976309
Lithuania,2007,33.19443486
Lithuania,2008,36.38142668
Lithuania,2009,37.72587873
Lithuania,2010,34.51155137
Lithuania,2011,35.34961569
Lithuania,2012,32.66649517
Lithuania,2013,38.65850361
Lithuania,2014,33.43427128
Lithuania,2015,32.53536951
Lithuania,2016,33.61556229
Luxembourg,1985,15.9512761
Luxembourg,1986,14.73988439
Luxembourg,1987,21.17916428
Luxembourg,1988,19.58558047
Luxembourg,1989,20.54023635
Luxembourg,1990,18.95206243
Luxembourg,1991,21.21796638
Luxembourg,1992,16.06316363
Luxembourg,1993,17.20430108
Luxembourg,1994,19.62864721
Luxembourg,1995,16.48783041
Luxembourg,1996,18.5710601
Luxembourg,1997,20.63168619
Luxembourg,1998,16.083837
Luxembourg,1999,17.33145163
Luxembourg,2000,15.11590486
Luxembourg,2001,17.63583215
Luxembourg,2002,20.32977283
Luxembourg,2003,11.33000042
Luxembourg,2004,14.41431388
Luxembourg,2005,11.20414874
Luxembourg,2006,14.61261946
Luxembourg,2007,17.25617904
Luxembourg,2008,9.340292938
Luxembourg,2009,10.2299828
Luxembourg,2010,11.29756747
Luxembourg,2011,11.24933015
Luxembourg,2012,10.17874678
Luxembourg,2013,7.802000823
Luxembourg,2014,12.76336343
Luxembourg,2015,11.90148545
Macau,1994,7.791263397
Maldives,2000,0
Maldives,2001,1.174154511
Maldives,2002,1.137453696
Maldives,2003,1.469993753
Maldives,2004,0.356473197
Maldives,2005,0.346097406
Maldives,2007,1.63646837
Maldives,2008,0
Maldives,2010,0.301605446
Maldives,2011,0.586479306
Malta,1985,0.651041667
Malta,1986,0.316656111
Malta,1987,0.315059861
Malta,1988,2.805486284
Malta,1989,7.098765432
Malta,1990,2.443494197
Malta,1991,3.022974607
Malta,1992,5.384385283
Malta,1993,4.737933077
Malta,1994,4.389815628
Malta,1995,4.928964917
Malta,1996,2.871912694
Malta,1997,4.280821918
Malta,1998,3.395585739
Malta,1999,7.5928009
Malta,2000,6.341748558
Malta,2001,8.096270048
Malta,2002,5.074027389
Malta,2003,5.294016438
Malta,2004,6.300568626
Malta,2005,4.946486823
Malta,2006,6.735088256
Malta,2007,6.708275173
Malta,2008,3.587949615
Malta,2009,9.157928477
Malta,2010,7.849114696
Malta,2011,5.045115949
Malta,2012,6.263497838
Malta,2013,5.462744085
Malta,2014,7.871594613
Malta,2015,8.279818915
Mauritius,1985,11.7726964
Mauritius,1986,3.117692907
Mauritius,1987,15.36266872
Mauritius,1988,18.05405405
Mauritius,1989,15.43573802
Mauritius,1990,15.62001913
Mauritius,1991,14.60398678
Mauritius,1992,15.39597174
Mauritius,1993,14.40050089
Mauritius,1994,13.26069079
Mauritius,1995,14.97097464
Mauritius,1996,15.37688442
Mauritius,1997,12.05891074
Mauritius,1998,15.10279645
Mauritius,1999,16.69224866
Mauritius,2000,12.97258807
Mauritius,2001,10.57115086
Mauritius,2002,12.13238188
Mauritius,2003,8.056881584
Mauritius,2004,8.793472161
Mauritius,2005,9.156670635
Mauritius,2006,10.48608328
Mauritius,2007,11.18713075
Mauritius,2008,7.328193129
Mauritius,2009,9.917631911
Mauritius,2010,8.412515419
Mauritius,2011,10.05665819
Mauritius,2012,9.741247066
Mauritius,2013,8.541123768
Mauritius,2014,10.42187761
Mauritius,2015,9.005514146
Mauritius,2016,9.874731972
Mexico,1985,2.285173016
Mexico,1986,2.479619811
Mexico,1987,2.503381257
Mexico,1988,2.445222985
Mexico,1989,2.613545593
Mexico,1990,2.63557978
Mexico,1991,2.811636404
Mexico,1992,2.971343866
Mexico,1993,3.048415397
Mexico,1994,3.302111284
Mexico,1995,3.599530072
Mexico,1996,3.589400548
Mexico,1997,3.925434094
Mexico,1998,3.814539749
Mexico,1999,3.769033065
Mexico,2000,3.853066476
Mexico,2001,4.129476031
Mexico,2002,4.140947372
Mexico,2003,4.340923133
Mexico,2004,4.260814453
Mexico,2005,4.418484076
Mexico,2006,4.295775235
Mexico,2007,4.272426377
Mexico,2008,4.543381942
Mexico,2009,4.827749307
Mexico,2010,4.588392438
Mexico,2011,5.162783742
Mexico,2012,4.9200519
Mexico,2013,5.143344127
Mexico,2014,5.482170615
Mexico,2015,5.451307581
Mongolia,2016,19.51476964
Montenegro,2000,0
Montenegro,2001,0
Montenegro,2002,0
Montenegro,2003,0
Montenegro,2004,0
Montenegro,2005,20.23208603
Montenegro,2006,0
Montenegro,2007,20.60472308
Montenegro,2008,21.35763357
Montenegro,2009,18.0671829
Netherlands,1985,12.027933
Netherlands,1986,11.71187616
Netherlands,1987,11.72969442
Netherlands,1988,10.99186616
Netherlands,1989,10.91224972
Netherlands,1990,10.34657457
Netherlands,1991,11.41355173
Netherlands,1992,11.16277107
Netherlands,1993,10.86379387
Netherlands,1994,11.00175723
Netherlands,1995,10.43940859
Netherlands,1996,10.83573249
Netherlands,1997,10.73777826
Netherlands,1998,10.30906845
Netherlands,1999,10.24137001
Netherlands,2000,10.05140547
Netherlands,2001,9.801615697
Netherlands,2002,10.37651687
Netherlands,2003,9.879371038
Netherlands,2004,9.917553946
Netherlands,2005,10.27375242
Netherlands,2006,9.922767037
Netherlands,2007,8.777727961
Netherlands,2008,9.279702286
Netherlands,2009,9.806324451
Netherlands,2010,10.22215405
Netherlands,2011,10.46147003
Netherlands,2012,11.08620643
Netherlands,2013,11.67331719
Netherlands,2014,11.56639564
Netherlands,2015,11.66444608
Netherlands,2016,13.24479685
New Zealand,1985,11.17059951
New Zealand,1986,13.68097551
New Zealand,1987,15.19477536
New Zealand,1988,15.84184341
New Zealand,1989,15.17723089
New Zealand,1990,14.72777886
New Zealand,1991,14.79446924
New Zealand,1992,15.23674125
New Zealand,1993,13.53415618
New Zealand,1994,15.42400964
New Zealand,1995,16.15389175
New Zealand,1996,15.73197378
New Zealand,1997,16.19503199
New Zealand,1998,16.38689049
New Zealand,1999,14.53807793
New Zealand,2000,12.81588498
New Zealand,2001,14.11467899
New Zealand,2002,12.7623873
New Zealand,2003,13.91637306
New Zealand,2004,13.01771724
New Zealand,2005,13.35314656
New Zealand,2006,13.51767301
New Zealand,2007,12.55256705
New Zealand,2008,13.10335269
New Zealand,2009,12.76814348
New Zealand,2010,13.21671717
New Zealand,2011,12.0524342
New Zealand,2012,13.32242949
New Zealand,2013,12.42199929
Nicaragua,2010,6.87234492
Nicaragua,2011,7.126412319
Nicaragua,2012,6.017393695
Nicaragua,2013,6.589154927
Nicaragua,2014,5.756675152
Nicaragua,2015,5.751866663
Norway,1986,14.8017486
Norway,1987,16.5160962
Norway,1988,17.93949222
Norway,1989,16.6843622
Norway,1990,16.63595284
Norway,1991,16.99139103
Norway,1992,15.43937039
Norway,1993,14.71138262
Norway,1994,13.16539806
Norway,1995,13.51118124
Norway,1996,12.67778323
Norway,1997,12.99334487
Norway,1998,13.27069308
Norway,1999,14.01528219
Norway,2000,12.97886556
Norway,2001,13.02459276
Norway,2002,11.64081534
Norway,2003,11.74784537
Norway,2004,12.29672056
Norway,2005,12.29501012
Norway,2006,12.16805734
Norway,2007,10.97938615
Norway,2008,11.29226185
Norway,2009,12.65589053
Norway,2010,11.9575333
Norway,2011,12.87877156
Norway,2012,10.94211621
Norway,2013,11.62009017
Norway,2014,11.3523885
Norway,2015,12.0829612
Oman,2009,0.498552472
Oman,2010,0.47299559
Oman,2014,0.192779154
Panama,1985,2.947833869
Panama,1986,4.227022011
Panama,1987,4.291195477
Panama,1988,4.21448329
Panama,1989,3.313642408
Panama,1996,4.569624292
Panama,1997,5.739823688
Panama,1998,5.737695067
Panama,1999,5.430349502
Panama,2000,5.318931304
Panama,2001,5.905981155
Panama,2002,5.714191838
Panama,2003,6.820652516
Panama,2004,6.373239521
Panama,2005,5.776473966
Panama,2006,6.089614771
Panama,2007,5.521226371
Panama,2008,5.894215936
Panama,2009,5.506277312
Panama,2010,4.611510758
Panama,2011,4.31888875
Panama,2012,3.976150168
Panama,2013,3.760065043
Panama,2014,4.175883675
Panama,2015,3.069725751
Paraguay,1985,2.047239898
Paraguay,1986,1.767936266
Paraguay,1987,1.900689
Paraguay,1989,1.936877453
Paraguay,1990,2.780720004
Paraguay,1991,2.047607139
Paraguay,1994,2.718679366
Paraguay,1995,2.894456821
Paraguay,1996,2.36761561
Paraguay,1997,2.94050861
Paraguay,1998,3.144873378
Paraguay,1999,3.583974071
Paraguay,2000,3.34916721
Paraguay,2001,3.23313865
Paraguay,2002,3.679894119
Paraguay,2003,3.536233899
Paraguay,2004,4.654585035
Paraguay,2005,4.662089236
Paraguay,2006,4.805244034
Paraguay,2007,4.277233305
Paraguay,2008,4.124731126
Paraguay,2009,5.186741004
Paraguay,2010,4.029123153
Paraguay,2011,5.311470513
Paraguay,2012,4.828557246
Paraguay,2013,5.582240663
Paraguay,2014,6.448216736
Philippines,1992,0.627433293
Philippines,1993,1.489920083
Philippines,1997,1.296742179
Philippines,1998,1.374263154
Philippines,1999,1.586548237
Philippines,2000,2.086447576
Philippines,2001,1.751576113
Philippines,2002,1.851787458
Philippines,2003,2.150972377
Philippines,2006,2.339219388
Philippines,2007,2.176681577
Philippines,2008,2.28655028
Philippines,2009,2.554380501
Philippines,2010,2.556760074
Philippines,2011,2.908490032
Poland,1990,14.13345163
Poland,1991,15.01851888
Poland,1992,16.04531897
Poland,1993,15.71274509
Poland,1994,15.34760845
Poland,1995,15.23061967
Poland,1996,15.02622554
Poland,1999,15.80032372
Poland,2000,16.12051043
Poland,2001,16.13152524
Poland,2002,16.30098446
Poland,2003,16.05335347
Poland,2004,16.69434577
Poland,2005,16.62021758
Poland,2006,15.97051543
Poland,2007,14.55212703
Poland,2008,15.66898845
Poland,2009,17.88070596
Poland,2010,17.64471211
Poland,2011,16.9766712
Poland,2012,17.68228456
Poland,2013,17.2608617
Poland,2014,16.45607567
Poland,2015,15.0194359
Portugal,1985,10.55408404
Portugal,1986,10.06498063
Portugal,1987,10.2356448
Portugal,1988,8.712320146
Portugal,1989,7.933920111
Portugal,1990,9.234870787
Portugal,1991,10.01008766
Portugal,1992,9.211240223
Portugal,1993,8.288981966
Portugal,1994,8.075447999
Portugal,1995,8.539300415
Portugal,1996,6.862155789
Portugal,1997,6.565892759
Portugal,1998,5.781362592
Portugal,1999,5.635196798
Portugal,2000,5.379829847
Portugal,2001,7.75775735
Portugal,2002,12.27201437
Portugal,2003,11.68265739
Portugal,2007,10.19417607
Portugal,2008,10.34829283
Portugal,2009,10.19908819
Portugal,2010,10.91726048
Portugal,2011,10.10651592
Portugal,2012,10.72846261
Portugal,2013,10.53572562
Portugal,2014,12.2882823
Puerto Rico,1985,8.726682887
Puerto Rico,1986,9.862560448
Puerto Rico,1987,8.528249828
Puerto Rico,1988,9.704537026
Puerto Rico,1989,9.957975516
Puerto Rico,1990,11.57927591
Puerto Rico,1991,10.96626714
Puerto Rico,1992,9.550168801
Puerto Rico,1993,10.41518238
Puerto Rico,1994,10.61722251
Puerto Rico,1995,8.562572256
Puerto Rico,1996,9.730077079
Puerto Rico,1997,7.952791299
Puerto Rico,1998,9.264513105
Puerto Rico,1999,8.274351143
Puerto Rico,2000,8.684641312
Puerto Rico,2001,8.205071131
Puerto Rico,2002,6.782160138
Puerto Rico,2003,7.44524195
Puerto Rico,2004,7.945408494
Puerto Rico,2005,8.246307209
Puerto Rico,2006,7.573514534
Puerto Rico,2007,7.756972617
Puerto Rico,2008,8.598918084
Puerto Rico,2009,9.470582934
Puerto Rico,2010,8.217495853
Puerto Rico,2011,7.423823799
Puerto Rico,2012,7.141474922
Puerto Rico,2013,6.941914038
Puerto Rico,2014,6.338311405
Puerto Rico,2015,6.513867476
Qatar,1995,0
Qatar,2001,4.263341014
Qatar,2004,3.012087075
Qatar,2005,2.134021576
Qatar,2006,3.084811029
Qatar,2007,3.675551041
Qatar,2008,2.518190108
Qatar,2009,2.920388226
Qatar,2010,2.781736656
Qatar,2011,2.69675381
Qatar,2012,2.146620147
Qatar,2013,1.732737833
Qatar,2014,2.442618451
Qatar,2015,2.803563244
Qatar,2016,3.072583921
Republic of Korea,1985,10.04719923
Republic of Korea,1986,9.211409575
Republic of Korea,1987,8.660655019
Republic of Korea,1988,7.620056588
Republic of Korea,1989,7.717345519
Republic of Korea,1990,7.979388474
Republic of Korea,1991,7.673708609
Republic of Korea,1992,8.751288047
Republic of Korea,1993,10.11905346
Republic of Korea,1994,10.23689218
Republic of Korea,1995,11.50526186
Republic of Korea,1996,13.77887459
Republic of Korea,1997,14.02361946
Republic of Korea,1998,19.74619605
Republic of Korea,1999,16.1465905
Republic of Korea,2000,14.55555974
Republic of Korea,2001,15.45709304
Republic of Korea,2002,19.08887647
Republic of Korea,2003,23.97489188
Republic of Korea,2004,25.10268137
Republic of Korea,2005,26.02493974
Republic of Korea,2006,22.90279968
Republic of Korea,2007,26.00492624
Republic of Korea,2008,27.29835053
Republic of Korea,2009,32.50737542
Republic of Korea,2010,32.685825
Republic of Korea,2011,33.27753116
Republic of Korea,2012,29.48502618
Republic of Korea,2013,29.89954615
Republic of Korea,2014,28.54377025
Republic of Korea,2015,27.75737352
Romania,1989,11.84848556
Romania,1990,9.714090805
Romania,1991,10.07083605
Romania,1992,12.48404163
Romania,1993,13.01882896
Romania,1994,13.49948564
Romania,1995,13.02018992
Romania,1996,13.21662079
Romania,1997,13.37919416
Romania,1998,13.29996626
Romania,1999,12.83856073
Romania,2000,13.32055762
Romania,2001,12.78622878
Romania,2002,14.81600999
Romania,2003,14.0098866
Romania,2004,13.19698583
Romania,2005,12.6543756
Romania,2006,13.25599549
Romania,2007,11.8681168
Romania,2008,12.09760122
Romania,2009,12.68213901
Romania,2010,13.59304001
Romania,2011,12.49772013
Romania,2012,13.10289464
Romania,2013,12.66619114
Romania,2014,11.6556174
Romania,2015,11.81090236
Romania,2016,11.7333202
Russian Federation,1989,27.99759014
Russian Federation,1990,28.61328082
Russian Federation,1991,28.61315676
Russian Federation,1992,33.24888918
Russian Federation,1993,40.55840247
Russian Federation,1994,44.35419227
Russian Federation,1995,43.53243399
Russian Federation,1996,41.29383669
Russian Federation,1997,39.30553003
Russian Federation,1998,37.03078088
Russian Federation,1999,41.07187398
Russian Federation,2000,40.96719748
Russian Federation,2001,41.41752109
Russian Federation,2002,40.28379636
Russian Federation,2003,37.54564995
Russian Federation,2004,35.81775112
Russian Federation,2005,33.63782535
Russian Federation,2006,31.48256429
Russian Federation,2007,30.53072882
Russian Federation,2008,28.43377621
Russian Federation,2009,27.89863087
Russian Federation,2010,24.73270002
Russian Federation,2011,23.03447154
Russian Federation,2012,22.01182545
Russian Federation,2013,21.29697588
Russian Federation,2014,19.70174406
Russian Federation,2015,18.56093723
Saint Kitts and Nevis,1990,0
Saint Kitts and Nevis,1991,0
Saint Kitts and Nevis,1992,0
Saint Lucia,1986,4.545454545
Saint Lucia,1987,9.883198562
Saint Lucia,1988,8.849557522
Saint Lucia,1989,6.747296864
Saint Lucia,1990,2.488862341
Saint Lucia,1991,4.898119122
Saint Lucia,1992,8.855042947
Saint Lucia,1993,6.356975987
Saint Lucia,1994,4.703779487
Saint Lucia,1995,7.724035654
Saint Lucia,1996,5.318300271
Saint Lucia,1997,6.718072361
Saint Lucia,1998,5.865102639
Saint Lucia,1999,5.763148985
Saint Lucia,2000,9.922041106
Saint Lucia,2001,4.889429054
Saint Lucia,2002,8.266284581
Saint Lucia,2003,6.796848981
Saint Lucia,2004,5.364770891
Saint Lucia,2005,2.646045155
Saint Lucia,2006,1.303271211
Saint Lucia,2008,0
Saint Lucia,2009,8.13415092
Saint Lucia,2010,2.476734178
Saint Lucia,2011,4.911229526
Saint Lucia,2012,6.099792607
Saint Lucia,2013,8.495661144
Saint Lucia,2014,8.454310491
Saint Vincent and Grenadines,1985,2.227171492
Saint Vincent and Grenadines,1986,0
Saint Vincent and Grenadines,1987,0
Saint Vincent and Grenadines,1990,5.311182163
Saint Vincent and Grenadines,1995,7.293642028
Saint Vincent and Grenadines,1996,8.325094958
Saint Vincent and Grenadines,1997,3.116721209
Saint Vincent and Grenadines,1998,10.36817385
Saint Vincent and Grenadines,1999,6.205719605
Saint Vincent and Grenadines,2000,5.156978423
Saint Vincent and Grenadines,2001,8.218530732
Saint Vincent and Grenadines,2002,7.157537398
Saint Vincent and Grenadines,2003,4.069507183
Saint Vincent and Grenadines,2004,4.051043144
Saint Vincent and Grenadines,2005,8.071187877
Saint Vincent and Grenadines,2006,6.032393956
Saint Vincent and Grenadines,2007,11.03431673
Saint Vincent and Grenadines,2008,4.006972132
Saint Vincent and Grenadines,2009,1.000730533
Saint Vincent and Grenadines,2010,4.997501249
Saint Vincent and Grenadines,2011,4.998150684
Saint Vincent and Grenadines,2012,9.983327843
Saint Vincent and Grenadines,2013,0
Saint Vincent and Grenadines,2014,1.986570782
Saint Vincent and Grenadines,2015,2.971827079
San Marino,1999,7.939028263
San Marino,2000,3.941818755
San Marino,2005,3.538069629
Serbia,1998,20.33708864
Serbia,1999,21.9326688
Serbia,2000,21.58301558
Serbia,2001,20.18926385
Serbia,2002,20.2574546
Serbia,2003,19.37577115
Serbia,2004,18.98011448
Serbia,2005,20.35704298
Serbia,2006,20.52102936
Serbia,2007,19.30207244
Serbia,2008,18.44450308
Serbia,2009,19.70368414
Serbia,2010,17.37973247
Serbia,2011,18.20282732
Serbia,2012,18.10060441
Serbia,2013,17.51833791
Serbia,2014,16.67203289
Serbia,2015,15.69518589
Seychelles,1985,13.96160558
Seychelles,1986,1.742160279
Seychelles,1987,5.145797599
Seychelles,2001,7.961466502
Seychelles,2002,6.5016124
Seychelles,2003,10.20382133
Seychelles,2004,7.524926318
Seychelles,2005,6.180469716
Seychelles,2006,9.793000453
Seychelles,2007,7.287655925
Seychelles,2008,4.82509047
Seychelles,2009,4.794495919
Seychelles,2010,7.152649461
Seychelles,2011,6.194481955
Seychelles,2012,3.693489609
Seychelles,2013,10.90367211
Seychelles,2014,4.770707854
Seychelles,2015,8.144364681
Singapore,1985,13.78430121
Singapore,1986,13.70150885
Singapore,1987,12.50103829
Singapore,1988,15.29205315
Singapore,1989,16.20665542
Singapore,1990,14.09347878
Singapore,1991,11.56566249
Singapore,1992,10.6374808
Singapore,1993,10.16642819
Singapore,1994,11.65105818
Singapore,1995,13.16312877
Singapore,1996,8.465870851
Singapore,1997,10.52083333
Singapore,1998,11.15570369
Singapore,1999,9.242267525
Singapore,2000,10.13912587
Singapore,2001,9.829197551
Singapore,2002,10.14153924
Singapore,2003,9.918789908
Singapore,2004,10.20905711
Singapore,2005,10.74078506
Singapore,2006,10.90301591
Singapore,2007,9.676658013
Singapore,2008,9.249325872
Singapore,2009,9.869630384
Singapore,2010,8.275553567
Singapore,2011,8.553417201
Singapore,2012,10.79414032
Singapore,2013,9.750219585
Singapore,2014,9.622239027
Singapore,2015,8.846190559
Slovakia,1992,16.21436201
Slovakia,1993,14.95361946
Slovakia,1994,13.88984369
Slovakia,1995,14.684634
Slovakia,1996,13.35337399
Slovakia,1997,12.45455816
Slovakia,1998,13.24516345
Slovakia,1999,13.57341807
Slovakia,2000,14.26108506
Slovakia,2001,13.56794639
Slovakia,2002,14.03794827
Slovakia,2003,14.7243381
Slovakia,2004,13.20000547
Slovakia,2005,13.24375174
Slovakia,2006,0
Slovakia,2007,0
Slovakia,2008,11.50461927
Slovakia,2009,11.68864105
Slovakia,2010,12.25823021
Slovakia,2012,11.15905226
Slovakia,2013,12.02606141
Slovakia,2014,10.79988132
Slovenia,1995,29.93630573
Slovenia,1996,32.06381068
Slovenia,1997,31.47725463
Slovenia,1998,32.54799766
Slovenia,1999,31.3097007
Slovenia,2000,31.16911205
Slovenia,2001,30.55755708
Slovenia,2002,28.3297414
Slovenia,2003,29.46127284
Slovenia,2004,26.83632254
Slovenia,2005,26.31004955
Slovenia,2006,27.57261919
Slovenia,2007,22.51817538
Slovenia,2008,20.99026731
Slovenia,2009,23.01706919
Slovenia,2010,21.28782059
Slovenia,2011,22.37008764
Slovenia,2012,22.61062247
Slovenia,2013,22.89203378
Slovenia,2014,19.87922856
Slovenia,2015,21.5897417
South Africa,1996,0.378570756
South Africa,1997,0.269932455
South Africa,1998,0.458803662
South Africa,1999,0.699115656
South Africa,2000,0.658145141
South Africa,2001,0.932364733
South Africa,2002,0.564541061
South Africa,2003,0.603555664
South Africa,2004,0.890576018
South Africa,2005,1.051275938
South Africa,2006,1.166086652
South Africa,2007,0.935450862
South Africa,2008,1.00960184
South Africa,2009,0.815663404
South Africa,2010,0.85108779
South Africa,2011,0.76484713
South Africa,2012,1.025603097
South Africa,2013,1.218026822
South Africa,2014,1.185799947
South Africa,2015,0.971236489
Spain,1985,6.983915326
Spain,1986,7.605664909
Spain,1987,7.697861675
Spain,1988,8.088028352
Spain,1989,8.130014915
Spain,1990,7.973110083
Spain,1991,7.890015991
Spain,1992,7.529546579
Spain,1993,8.181110444
Spain,1994,8.523483258
Spain,1995,8.469415404
Spain,1996,8.890983686
Spain,1997,9.017511028
Spain,1998,8.705541273
Spain,1999,8.520937067
Spain,2000,8.856994661
Spain,2001,8.237435702
Spain,2002,8.571295448
Spain,2003,8.706414981
Spain,2004,8.649805972
Spain,2005,8.250905397
Spain,2006,7.766298655
Spain,2007,7.671457246
Spain,2008,8.002410399
Spain,2009,7.884555574
Spain,2010,7.24389084
Spain,2011,7.286463485
Spain,2012,7.985313882
Spain,2013,8.756970332
Spain,2014,8.853870634
Spain,2015,8.156332174
Sri Lanka,1985,40.90351447
Sri Lanka,1986,37.9040379
Sri Lanka,1996,29.40959782
Sri Lanka,1997,35.0930341
Sri Lanka,1998,32.65534918
Sri Lanka,1999,33.01354437
Sri Lanka,2000,30.64116224
Sri Lanka,2001,26.58255845
Sri Lanka,2002,25.18976394
Sri Lanka,2003,25.48988861
Sri Lanka,2006,22.44075111
Suriname,1985,24.79082739
Suriname,1986,12.87182725
Suriname,1987,15.66203733
Suriname,1988,14.42827235
Suriname,1989,15.24201735
Suriname,1990,7.456266131
Suriname,1991,15.69906274
Suriname,1992,12.96617449
Suriname,1995,14.123786
Suriname,1996,5.30564293
Suriname,1997,7.963883787
Suriname,1998,7.114713719
Suriname,1999,11.85570877
Suriname,2000,12.41047157
Suriname,2001,16.96053143
Suriname,2002,16.03994644
Suriname,2003,17.66273805
Suriname,2004,15.16808273
Suriname,2005,16.09136318
Suriname,2006,24.70808065
Suriname,2007,25.92106925
Suriname,2008,31.62725452
Suriname,2009,27.84579805
Suriname,2010,28.56830766
Suriname,2011,26.37475832
Suriname,2012,27.31208056
Suriname,2013,26.60660209
Suriname,2014,25.71825253
Sweden,1987,19.484132
Sweden,1988,20.04816603
Sweden,1989,19.82472881
Sweden,1990,18.37440823
Sweden,1991,18.44275037
Sweden,1992,16.78392707
Sweden,1993,16.92449923
Sweden,1994,16.19750187
Sweden,1995,16.37313252
Sweden,1996,15.14327496
Sweden,1997,14.45020635
Sweden,1998,14.74905048
Sweden,1999,14.56192536
Sweden,2000,13.44986234
Sweden,2001,14.18361225
Sweden,2002,13.93838854
Sweden,2003,13.0969306
Sweden,2004,13.56539118
Sweden,2005,14.27630494
Sweden,2006,13.95748436
Sweden,2007,13.0487803
Sweden,2008,13.46606965
Sweden,2009,14.18468552
Sweden,2010,12.93192605
Sweden,2011,12.515977
Sweden,2012,12.89542669
Sweden,2013,13.6301968
Sweden,2014,12.59528199
Sweden,2015,12.96831299
Sweden,2016,13.90623408
Switzerland,1995,21.44314318
Switzerland,1996,21.52671297
Switzerland,1997,20.08928571
Switzerland,1998,20.38611086
Switzerland,1999,19.15933113
Switzerland,2000,20.26554026
Switzerland,2001,19.48777732
Switzerland,2002,20.82970206
Switzerland,2003,18.20844668
Switzerland,2004,18.282353
Switzerland,2005,18.36823605
Switzerland,2006,18.3887649
Switzerland,2007,18.93202498
Switzerland,2008,18.06216602
Switzerland,2009,15.00429489
Switzerland,2010,13.5230558
Switzerland,2011,13.75358471
Switzerland,2012,13.66582271
Switzerland,2013,13.94291969
Switzerland,2014,13.21446969
Switzerland,2015,13.59518186
Thailand,1985,6.440125846
Thailand,1986,5.911500943
Thailand,1987,6.273718947
Thailand,1990,7.325976151
Thailand,1991,6.85112234
Thailand,1992,6.752844374
Thailand,1994,4.378356835
Thailand,1995,7.808180755
Thailand,1996,8.067810574
Thailand,1997,7.429408801
Thailand,1998,8.754355106
Thailand,1999,9.174398074
Thailand,2000,8.894284427
Thailand,2002,8.413516763
Thailand,2003,7.453587414
Thailand,2004,7.079019206
Thailand,2005,6.434829212
Thailand,2006,5.853673225
Thailand,2007,6.369013842
Thailand,2008,6.37994914
Thailand,2009,6.366448042
Thailand,2010,6.292479254
Thailand,2011,6.426953631
Thailand,2012,6.599621031
Thailand,2013,6.518395576
Thailand,2014,6.463862015
Thailand,2015,6.864042466
Thailand,2016,7.70367861
Trinidad and Tobago,1985,2.876984127
Trinidad and Tobago,1986,9.796533534
Trinidad and Tobago,1987,11.03588983
Trinidad and Tobago,1988,14.96896678
Trinidad and Tobago,1989,16.1682243
Trinidad and Tobago,1990,15.61782269
Trinidad and Tobago,1991,13.43012704
Trinidad and Tobago,1992,14.3916652
Trinidad and Tobago,1993,15.15283463
Trinidad and Tobago,1994,12.72680368
Trinidad and Tobago,1995,16.01151437
Trinidad and Tobago,1996,12.62773691
Trinidad and Tobago,1997,13.76620002
Trinidad and Tobago,1998,14.64136365
Trinidad and Tobago,1999,11.8471698
Trinidad and Tobago,2000,14.08733981
Trinidad and Tobago,2001,15.12649638
Trinidad and Tobago,2002,13.12247645
Trinidad and Tobago,2003,12.05567714
Trinidad and Tobago,2004,13.9986468
Trinidad and Tobago,2005,11.28189728
Trinidad and Tobago,2006,11.65962817
Trinidad and Tobago,2007,10.79088096
Trinidad and Tobago,2008,16.32035797
Trinidad and Tobago,2009,10.44815227
Trinidad and Tobago,2010,12.99754184
Trinidad and Tobago,2011,11.23517402
Turkey,2009,1.591815485
Turkey,2010,2.275471473
Turkey,2011,1.687382744
Turkey,2012,2.102167089
Turkey,2013,2.590141504
Turkey,2014,2.279666754
Turkey,2015,2.131316236
Turkmenistan,1987,9.513483264
Turkmenistan,1988,9.226668489
Turkmenistan,1989,8.436145382
Turkmenistan,1990,9.675952984
Turkmenistan,1991,8.632411067
Turkmenistan,1992,8.331027698
Turkmenistan,1993,7.204827234
Turkmenistan,1994,6.835908971
Turkmenistan,1995,6.39044576
Turkmenistan,1996,7.232302581
Turkmenistan,1997,8.311701278
Turkmenistan,1998,9.879976581
Turkmenistan,1999,11.16512923
Turkmenistan,2000,9.512035084
Turkmenistan,2001,10.86430821
Turkmenistan,2002,10.03935621
Turkmenistan,2003,9.02401777
Turkmenistan,2004,9.308952743
Turkmenistan,2005,11.00521337
Turkmenistan,2006,11.8013364
Turkmenistan,2007,8.151691464
Turkmenistan,2008,10.96974594
Turkmenistan,2009,3.679367024
Turkmenistan,2010,3.911069315
Turkmenistan,2011,2.81014549
Turkmenistan,2012,2.942394316
Turkmenistan,2013,2.127186816
Turkmenistan,2014,2.826721749
Turkmenistan,2015,2.72177671
Ukraine,1987,21.21407855
Ukraine,1988,20.50687804
Ukraine,1989,22.79441477
Ukraine,1990,22.19021254
Ukraine,1991,22.19889379
Ukraine,1992,24.05990847
Ukraine,1993,25.6139522
Ukraine,1994,28.43744215
Ukraine,1995,30.03389424
Ukraine,1996,31.46893066
Ukraine,1997,31.09780273
Ukraine,1998,31.02019071
Ukraine,1999,30.29184611
Ukraine,2000,30.69894367
Ukraine,2001,28.05411421
Ukraine,2002,27.21666386
Ukraine,2003,26.9446502
Ukraine,2004,24.83516805
Ukraine,2005,23.63411778
Ukraine,2006,22.47080871
Ukraine,2007,22.69751453
Ukraine,2008,21.55685308
Ukraine,2009,22.30362388
Ukraine,2010,20.99230916
Ukraine,2011,20.8312096
Ukraine,2012,21.10637925
Ukraine,2014,19.6914974
Ukraine,2015,18.77287464
United Arab Emirates,2005,2.242763758
United Arab Emirates,2006,1.827827207
United Arab Emirates,2007,1.773364383
United Arab Emirates,2008,1.536013841
United Arab Emirates,2009,1.709759972
United Arab Emirates,2010,1.415864004
United Kingdom,1985,9.630887965
United Kingdom,1986,9.10964334
United Kingdom,1987,8.628904297
United Kingdom,1988,9.324568127
United Kingdom,1989,8.1628254
United Kingdom,1990,8.669130022
United Kingdom,1991,8.435456247
United Kingdom,1992,8.558268662
United Kingdom,1993,8.21973598
United Kingdom,1994,8.037096448
United Kingdom,1995,7.881715596
United Kingdom,1996,7.571046913
United Kingdom,1997,7.496385477
United Kingdom,1998,7.904208841
United Kingdom,1999,7.966566356
United Kingdom,2000,7.642439439
United Kingdom,2001,7.428202188
United Kingdom,2002,7.363759187
United Kingdom,2003,7.083629249
United Kingdom,2004,7.409439704
United Kingdom,2005,7.123868208
United Kingdom,2006,7.220035883
United Kingdom,2007,6.791238699
United Kingdom,2008,7.383410249
United Kingdom,2009,7.318978655
United Kingdom,2010,7.170799559
United Kingdom,2011,7.460702833
United Kingdom,2012,7.442810193
United Kingdom,2013,8.027718527
United Kingdom,2014,7.904840513
United Kingdom,2015,8.038250679
United States,1985,13.34070305
United States,1986,13.85583509
United States,1987,13.67233997
United States,1988,13.36599913
United States,1989,13.16763041
United States,1990,13.43540092
United States,1991,13.21714494
United States,1992,12.93525031
United States,1993,13.0554411
United States,1994,12.9348197
United States,1995,12.86044574
United States,1996,12.55255128
United States,1997,12.28115502
United States,1998,12.15839575
United States,1999,11.50074989
United States,2000,11.1891079
United States,2001,11.53120709
United States,2002,11.77446492
United States,2003,11.61335029
United States,2004,11.85302645
United States,2005,11.81753372
United States,2006,11.93343566
United States,2007,12.32671982
United States,2008,12.76050642
United States,2009,12.93998301
United States,2010,13.32758248
United States,2011,13.60872153
United States,2012,13.86346964
United States,2013,13.93153233
United States,2014,14.3640766
United States,2015,14.72581287
Uruguay,1985,10.48440126
Uruguay,1986,9.501015376
Uruguay,1987,9.284249163
Uruguay,1988,9.572796114
Uruguay,1989,12.1955543
Uruguay,1990,11.11503176
Uruguay,1993,14.43256539
Uruguay,1994,13.90270027
Uruguay,1995,14.50498265
Uruguay,1996,13.24446176
Uruguay,1997,15.24236361
Uruguay,1998,17.28091302
Uruguay,1999,14.82783402
Uruguay,2000,18.19571309
Uruguay,2001,16.30173432
Uruguay,2002,22.02099204
Uruguay,2003,17.45074324
Uruguay,2004,16.95750417
Uruguay,2005,16.2205579
Uruguay,2006,17.15708973
Uruguay,2007,18.65310948
Uruguay,2008,16.86666402
Uruguay,2009,16.40815
Uruguay,2010,17.49109297
Uruguay,2012,19.00417489
Uruguay,2013,17.25298372
Uruguay,2014,18.59867921
Uruguay,2015,19.7442957
Uzbekistan,1990,8.499507739
Uzbekistan,1991,8.029836636
Uzbekistan,1992,7.36155995
Uzbekistan,1993,7.320644217
Uzbekistan,1994,7.411973026
Uzbekistan,1995,7.57691719
Uzbekistan,1996,8.557254023
Uzbekistan,1997,7.631001311
Uzbekistan,1998,7.765612716
Uzbekistan,1999,8.415410544
Uzbekistan,2000,8.80716921
Uzbekistan,2001,8.609395117
Uzbekistan,2002,6.963512608
Uzbekistan,2003,6.161106942
Uzbekistan,2004,5.368904925
Uzbekistan,2005,5.173652743
Uzbekistan,2009,5.532245955
Uzbekistan,2010,5.707205616
Uzbekistan,2011,6.313022198
Uzbekistan,2012,6.955544782
Uzbekistan,2013,7.26556698
Uzbekistan,2014,7.670197752
Global,1985,11.50733592
Global,1986,11.71656216
Global,1987,11.58342984
Global,1988,11.48151411
Global,1989,13.07565272
Global,1990,13.18412314
Global,1991,13.29003649
Global,1992,13.47357025
Global,1993,14.47743001
Global,1994,14.98389631
Global,1995,15.30222783
Global,1996,14.8426758
Global,1997,14.13659418
Global,1998,14.46752249
Global,1999,14.41816665
Global,2000,14.21898798
Global,2001,14.27756478
Global,2002,14.05452923
Global,2003,13.92900992
Global,2004,13.80097221
Global,2005,13.50934907
Global,2006,12.67640175
Global,2007,12.55175706
Global,2008,12.654217
Global,2009,12.32079269
Global,2010,11.95125015
Global,2011,11.86357323
Global,2012,12.03254629
Global,2013,11.80846056
Global,2014,11.66199355
Global,2015,11.47488743
Global,2016,11.81133691
